CustomerID,Name,Age,Gender,City,Department,Salary,Join_Date
1102,Neha Singh,24,Male,Delhi,Marketing,115000,2024-08-20
1435,Amit Sharma,52,M,Hyderabad,HR,65000,2024-03-10
1860,Riya Verma,20,,Delhi,IT,105000,2023-10-28
1270,Rahul Gupta,37,M,Chennai,,80000,2022-10-16
1106,Sneha Iyer,51,F,Bangalore  ,HR,90000,2020-02-21
1071,Riya Verma,30,F,Hyderabad,Marketing,95000,2023-10-07
1700,Amit Sharma,40,F,Hyderabad,Finance,100000,2020-05-30
1020,Neha Singh,45,,Delhi,Finance,,2019-03-23
1614,Sneha Iyer,44,M,,Sales,25000,2023-10-15
1121,Priya Kapoor,41,Female,Pune,HR,70000,2022-11-19
1466,Sneha Iyer,46,Male,Mumbai  ,,60000,2021-07-01
1214,Amit Sharma,32,M,,HR,110000,2023-06-15
1330,Arjun Nair,52,M,,Operations,25000,2020-12-03
1458,Rahul Gupta,53,M,Mumbai,HR,30000,2022-04-27
1087,Amit Sharma,,F,Kolkata,Sales,25000,2020-10-08
1372,Sneha Iyer,54,Male,Chennai,Marketing,25000,2024-03-24
1099,Rahul Gupta,20,Male,Mumbai,Finance,65000,2020-02-13
1871,Karan Mehta,40,Male,Mumbai,Finance,85000,2022-12-20
1663,Karan Mehta,25,,Chennai,Finance,25000,2024-08-23
1130,Priya Kapoor,47,M,,HR,85000,2021-04-16
1661,Neha Singh,36,,Delhi,,,2021-12-21
1308,Karan Mehta,24,,Mumbai,Sales,55000,2018-11-03
1769,Priya Kapoor,50,,Mumbai,Operations,30000,2020-02-18
1343,SNEHA IYER,24,Male,Kolkata,Finance,50000,2024-12-26
1491,Amit Sharma,57,Male,,,55000,2024-05-04
1413,Neha Singh,22,Female,Chennai,,90000,2018-01-08
1805,Neha Singh,42,Male,Kolkata,Marketing,110000,2024-12-30
1385,Rahul Gupta,56,F,Chennai,,95000,2019-04-21
1191,Neha Singh,56,,Chennai,HR,30000,2021-08-13
1955,Priya Kapoor,29,M,Kolkata  ,Sales,70000,2024-01-21
1276,Karan Mehta,29,,Mumbai,Marketing,80000,2019-04-30
1160,Priya Kapoor,38,Female,,Operations,105000,2020-06-23
1459,NEHA SINGH,36,M,Chennai,IT,60000,2019-07-13
1313,Sneha Iyer,40,Female,Delhi,,75000,2023-05-22
1021,Riya Verma,33,,,Operations,35000,2024-04-04
1252,Amit Sharma,28,,Kolkata,Operations,50000,2021-02-01
1747,Priya Kapoor,20,,Chennai,Finance,65000,2021-05-18
1856,Neha Singh,32,Female,Bangalore,Marketing,50000,2019-04-13
1560,Arjun Nair,23,,Delhi,,65000,2024-08-30
1474,KARAN MEHTA,20,Female,Pune  ,Marketing,55000,2020-04-27
1058,Arjun Nair,59,F,Hyderabad,Sales,65000,2024-08-31
1510,Sneha Iyer,51,Female,Delhi,IT,110000,2018-09-16
1681,Arjun Nair,53,M,Chennai,Sales,80000,2018-10-10
1475,Riya Verma,47,F,Delhi,HR,60000,2022-07-08
1699,Priya Kapoor,50,Female,Chennai,Marketing,60000,2023-03-14
1975,Neha Singh,27,Female,Pune,HR,110000,2018-02-09
1782,Amit Sharma,58,Male,Delhi,IT,,2024-12-08
1189,Arjun Nair,45,M,Chennai,,95000,2024-03-17
1957,Arjun Nair,53,F,Hyderabad,Operations,55000,2020-10-11
1686,Rahul Gupta,22,F,Kolkata,,75000,2019-09-05
1957,Neha Singh,31,Male,Kolkata,Sales,,2023-03-31
1562,Riya Verma,20,Male,,IT,100000,2019-11-19
1875,Rahul Gupta,24,Female,Bangalore,Finance,40000,2019-09-05
1566,Priya Kapoor,49,M,Chennai,IT,50000,2024-04-26
1243,Rahul Gupta,49,F,Pune,Finance,35000,2024-08-10
1831,Rahul Gupta,36,Male,,Marketing,65000,2022-11-17
1504,Karan Mehta,42,F,Kolkata,,70000,2022-12-16
1130,Priya Kapoor,34,Female,Chennai,Marketing,90000,2022-03-28
1484,Sneha Iyer,56,,Hyderabad,HR,75000,2023-04-15
1818,Arjun Nair,40,Female,  ,Operations,110000,2021-02-26
1646,Rahul Gupta,33,Female,Chennai,Sales,80000,2019-07-29
1020,Neha Singh,21,Female,Pune,IT,80000,2023-03-26
1840,Sneha Iyer,30,Female,,HR,85000,2020-10-09
1166,Rahul Gupta,58,Female,Kolkata,Sales,85000,2019-11-01
1273,Arjun Nair,57,,,IT,115000,2018-09-26
1387,Karan Mehta,53,Female,,Marketing,115000,2021-07-07
1600,Priya Kapoor,57,,Chennai,Sales,90000,2020-07-12
1315,Priya Kapoor,53,Female,Bangalore,Marketing,40000,2021-01-30
1013,Riya Verma,37,Male,Mumbai,Sales,85000,2022-03-10
1241,Arjun Nair,49,M,Mumbai,Finance,60000,2022-10-25
1776,Arjun Nair,34,Male,,Finance,115000,2022-05-14
1345,Arjun Nair,46,M,Chennai,HR,80000,2018-09-04
1564,Neha Singh,53,M,Kolkata,,110000,2022-04-10
1897,Arjun Nair,57,F,Hyderabad,HR,50000,2023-12-19
1339,Riya Verma,52,M,Pune,Operations,110000,2024-07-28
1091,Rahul Gupta,43,Male,,Finance,115000,2024-02-22
1366,Karan Mehta,34,,Kolkata,Sales,45000,2023-04-24
1955,Karan Mehta,49,F,Bangalore,,65000,2020-07-18
1454,Karan Mehta,,,Pune,,35000,2018-08-15
1427,Arjun Nair,36,Female,Mumbai,Marketing,70000,2018-09-22
1508,Arjun Nair,24,F,,Marketing,115000,2021-10-27
1775,Sneha Iyer,48,M,,HR,35000,2021-12-28
1942,Karan Mehta,23,,Bangalore,HR,95000,2019-10-08
1034,Arjun Nair,29,F,,HR,25000,2024-03-08
1205,Amit Sharma,36,,Chennai,HR,55000,2021-11-19
1080,Sneha Iyer,29,Female,  ,,80000,2022-01-13
1931,Amit Sharma,36,,,,105000,2021-10-19
1561,Karan Mehta,39,M,Hyderabad,IT,,2023-03-15
1871,Priya Kapoor,43,Female,Hyderabad,Sales,45000,2024-11-09
1387,Neha Singh,24,F,Hyderabad,,40000,2021-06-03
1001,Arjun Nair,53,Male,,Operations,80000,2020-09-08
1389,Arjun Nair,25,Female,Delhi,Sales,,2021-02-28
1565,Neha Singh,21,F,,,110000,2019-08-11
1105,Karan Mehta,32,Female,Delhi,Operations,105000,2019-04-21
1771,Karan Mehta,30,Male,Chennai,Sales,115000,2022-12-27
1821,Arjun Nair,42,M,Delhi,Operations,65000,2020-09-12
1476,Riya Verma,35,M,Mumbai,IT,40000,2024-01-13
1702,Riya Verma,50,F,Mumbai,Sales,30000,2021-05-26
1401,Rahul Gupta,30,Male,Chennai,Marketing,40000,2018-07-09
1729,Amit Sharma,35,,,,30000,2021-12-11
1555,Rahul Gupta,27,F,Delhi,Marketing,95000,2020-09-07
1161,Rahul Gupta,23,Female,,Operations,30000,2022-08-26
1201,Rahul Gupta,59,F,Pune,Marketing,40000,2022-09-12
1957,Neha Singh,23,Female,Kolkata,Operations,50000,2018-02-10
1995,Riya Verma,44,Female,Kolkata,Sales,55000,2024-06-12
1269,Neha Singh,22,Male,Chennai,,70000,2020-07-31
1862,Riya Verma,51,M,,,115000,2018-12-04
1815,Arjun Nair,22,M,Kolkata,Marketing,115000,2021-08-30
1270,Amit Sharma,46,M,Kolkata,Operations,80000,2021-01-03
1455,Sneha Iyer,48,F,Chennai,Marketing,35000,2024-05-15
1461,Amit Sharma,51,Male,Delhi,Operations,85000,2020-06-14
1726,Arjun Nair,38,F,Pune,,110000,2024-05-09
1251,Priya Kapoor,40,Female,,,60000,2022-08-02
1701,Amit Sharma,24,Female,Bangalore,Sales,95000,2020-07-19
1295,Arjun Nair,37,Female,Pune,Sales,25000,2018-10-16
1724,Priya Kapoor,47,,Kolkata,Operations,35000,2019-12-25
1719,Karan Mehta,,M,,Finance,60000,2024-05-08
1748,Amit Sharma,41,F,Bangalore,Operations,40000,2023-05-08
1337,Riya Verma,40,Female,Hyderabad,Sales,100000,2020-12-25
1878,Arjun Nair,25,Female,Bangalore,,70000,2019-04-28
1052,Karan Mehta,20,Male,Chennai,Finance,80000,2020-07-24
1791,Sneha Iyer,24,Male,,HR,90000,2024-04-14
1921,Neha Singh,,M,,Marketing,90000,2018-06-05
1216,Arjun Nair,31,Male,Bangalore,HR,30000,2020-12-06
1763,Neha Singh,45,F,,,45000,2023-05-13
1187,Neha Singh,53,F,Chennai,Sales,45000,2024-11-06
1379,Rahul Gupta,33,Female,Bangalore,,50000,2024-02-27
1492,Karan Mehta,45,F,Kolkata,Sales,85000,2022-08-11
1040,Neha Singh,46,Female,Hyderabad,IT,65000,2018-05-04
1156,Riya Verma,28,,Delhi,Marketing,95000,2023-08-11
1014,Riya Verma,45,Male,Pune,Finance,90000,2020-08-25
1812,Riya Verma,41,,,Operations,55000,2020-05-04
1064,Arjun Nair,49,F,None  ,Finance,,2019-10-02
1856,PRIYA KAPOOR,36,M,,Sales,30000,2024-02-17
1838,Amit Sharma,45,Female,Pune,Finance,55000,2022-05-22
1520,Rahul Gupta,55,Male,Hyderabad,Finance,50000,2019-03-18
1343,Arjun Nair,20,M,Chennai,IT,105000,2023-04-29
1128,Amit Sharma,27,M,Mumbai  ,Marketing,30000,2023-01-13
1647,Arjun Nair,54,F,Mumbai,,35000,2023-01-04
1471,Neha Singh,34,Male,Hyderabad,,45000,2023-12-31
1062,Riya Verma,41,Male,Pune,Sales,45000,2019-06-17
1138,Amit Sharma,33,,None  ,Marketing,25000,2024-03-24
1498,Karan Mehta,45,,,Marketing,60000,2021-08-29
1592,Karan Mehta,47,Female,Pune,Marketing,80000,2020-08-06
1391,Sneha Iyer,42,Male,Mumbai,IT,40000,2023-07-13
1674,Rahul Gupta,33,Female,Chennai,Sales,85000,2019-04-05
1418,Priya Kapoor,43,,Delhi,Finance,95000,2019-07-05
1288,Neha Singh,21,,Mumbai,Operations,75000,2019-01-28
1378,Sneha Iyer,45,M,,Operations,70000,2022-11-23
1772,Sneha Iyer,33,F,Mumbai,Marketing,35000,2020-04-24
1489,Sneha Iyer,26,,,HR,90000,2024-03-07
1230,Rahul Gupta,22,F,,HR,100000,2021-02-12
1040,Sneha Iyer,42,Female,Mumbai,,70000,2019-10-08
1027,ARJUN NAIR,37,Male,Bangalore,Finance,70000,2024-03-16
1134,NEHA SINGH,57,M,Hyderabad,IT,80000,2024-09-20
1200,Karan Mehta,54,Female,Mumbai  ,HR,65000,2022-01-06
1839,Priya Kapoor,34,F,Pune,HR,25000,2021-10-09
1779,KARAN MEHTA,44,Male,Pune,Operations,45000,2018-05-22
1929,Rahul Gupta,56,F,Chennai,Marketing,,2019-05-16
1032,Arjun Nair,47,M,Hyderabad,Operations,60000,2020-04-19
1047,Karan Mehta,29,M,Delhi,,75000,2022-08-10
1502,Priya Kapoor,58,F,,Marketing,80000,2022-04-15
1406,Karan Mehta,36,Male,Pune,HR,25000,2023-08-09
1573,Priya Kapoor,58,,Bangalore,,,2022-03-11
1727,Amit Sharma,41,Female,Chennai,Finance,75000,2019-08-19
1804,Arjun Nair,45,Male,Mumbai,IT,45000,2023-03-20
1098,Arjun Nair,44,,Kolkata,,95000,2018-10-08
1683,Karan Mehta,36,F,Kolkata,,45000,2019-02-28
1871,Riya Verma,32,M,Hyderabad,Operations,80000,2018-09-27
1725,Rahul Gupta,39,M,,Operations,45000,2018-06-03
1986,Riya Verma,44,M,Mumbai,,105000,2022-10-17
1546,Priya Kapoor,23,M,Delhi,Marketing,105000,2019-10-24
1960,Neha Singh,29,Female,Delhi,HR,80000,2023-05-22
1738,Arjun Nair,22,M,  ,,95000,2018-03-24
1612,Riya Verma,,F,Pune,IT,95000,2021-12-20
1942,Arjun Nair,37,,Hyderabad  ,Operations,50000,2021-07-22
1461,Neha Singh,55,F,Kolkata,Operations,80000,2024-05-20
1642,AMIT SHARMA,41,Male,,Sales,,2020-09-06
1768,SNEHA IYER,53,,Hyderabad,,110000,2024-01-30
1004,Priya Kapoor,27,Male,Bangalore,,90000,2022-07-18
1217,Amit Sharma,59,Male,Hyderabad,Operations,30000,2021-10-30
1502,Arjun Nair,38,,Delhi,Operations,65000,2019-09-25
1766,Karan Mehta,,F,Bangalore,Finance,45000,2022-03-12
1397,Riya Verma,,F,,Marketing,,2020-02-26
1870,Amit Sharma,56,M,,Sales,25000,2019-02-02
1794,Karan Mehta,25,F,Delhi,Operations,35000,2021-02-17
1392,Arjun Nair,45,Female,Chennai,,50000,2020-07-22
1206,Rahul Gupta,53,F,,Operations,45000,2021-12-31
1014,Amit Sharma,25,Male,Chennai,IT,45000,2023-01-27
1857,Amit Sharma,56,Male,Kolkata,Finance,25000,2024-11-17
1553,Neha Singh,52,F,Kolkata,HR,105000,2018-10-13
1891,Neha Singh,41,M,,HR,115000,2018-09-22
1460,Karan Mehta,40,Female,Mumbai,,90000,2024-06-25
1690,Neha Singh,25,Male,Kolkata,Sales,80000,2023-11-07
1574,Sneha Iyer,25,Female,Bangalore,,70000,2022-08-05
1863,Priya Kapoor,23,M,Mumbai,,,2021-05-11
1742,Neha Singh,49,M,Chennai,Marketing,110000,2020-03-31
1240,Karan Mehta,30,F,,Finance,75000,2022-10-29
1563,Neha Singh,49,F,,Operations,30000,2024-07-09
1095,Riya Verma,50,,,HR,110000,2024-03-19
1899,Neha Singh,43,M,,HR,55000,2018-02-10
1733,Rahul Gupta,28,F,Delhi  ,Operations,95000,2022-09-28
1484,Rahul Gupta,22,,Delhi,IT,75000,2018-03-09
1406,Rahul Gupta,50,,Delhi  ,Operations,110000,2020-09-14
1230,ARJUN NAIR,59,Male,,Operations,80000,2022-12-05
1748,Rahul Gupta,56,M,Pune,Finance,50000,2022-06-10
1654,PRIYA KAPOOR,55,Female,,HR,,2022-07-14
1170,Amit Sharma,43,M,Delhi,Operations,85000,2021-07-02
1540,Karan Mehta,50,M,,Sales,,2019-11-26
1035,Riya Verma,25,Male,Pune,Operations,100000,2024-11-29
1524,Karan Mehta,21,,Mumbai,Operations,110000,2020-12-21
1159,Karan Mehta,39,M,Kolkata,,70000,2024-10-15
1838,Priya Kapoor,47,M,Chennai,Marketing,60000,2022-08-21
1698,Sneha Iyer,30,Male,Kolkata,,110000,2024-05-04
1242,Riya Verma,23,,Pune,,25000,2020-11-24
1085,Neha Singh,34,F,Hyderabad,Marketing,60000,2020-02-18
1795,Neha Singh,25,M,Mumbai,HR,50000,2019-05-09
1577,Arjun Nair,49,M,Kolkata,Operations,45000,2022-05-05
1681,Rahul Gupta,57,M,Bangalore,Marketing,95000,2022-02-01
1556,Rahul Gupta,21,Male,,Marketing,95000,2022-11-26
1573,Amit Sharma,34,M,Chennai,IT,30000,2019-10-23
1952,Sneha Iyer,30,,Mumbai,Operations,25000,2021-09-10
1645,Riya Verma,27,M,Pune  ,Operations,75000,2021-08-20
1795,Rahul Gupta,45,,Chennai,Marketing,70000,2021-07-23
1027,Neha Singh,24,F,,HR,110000,2023-06-10
1619,Neha Singh,25,Male,Hyderabad,Finance,110000,2023-08-07
1555,Riya Verma,45,,,Sales,105000,2023-04-13
1339,Riya Verma,23,M,Hyderabad,HR,60000,2021-09-09
1797,Riya Verma,38,,Bangalore,IT,95000,2020-11-24
1957,Riya Verma,39,Female,,HR,60000,2020-09-03
1330,Neha Singh,52,Female,,,105000,2019-04-27
1639,Rahul Gupta,39,Male,,,80000,2019-12-29
1505,Riya Verma,31,Female,Delhi,,60000,2024-12-02
1347,Priya Kapoor,20,,Chennai,Operations,90000,2020-10-28
1472,Karan Mehta,45,M,Pune,Sales,40000,2018-12-09
1230,KARAN MEHTA,33,F,Chennai,IT,25000,2021-12-18
1189,Rahul Gupta,57,Male,,Finance,25000,2024-07-07
1224,Riya Verma,56,F,Chennai  ,Sales,115000,2024-10-21
1384,Amit Sharma,30,M,Kolkata,Finance,100000,2024-01-31
1376,Arjun Nair,55,,,Marketing,90000,2019-06-11
1282,Karan Mehta,32,Female,Hyderabad,,100000,2023-03-12
1957,Amit Sharma,22,Male,Hyderabad  ,,45000,2019-10-21
1632,Sneha Iyer,52,M,Mumbai  ,Operations,65000,2023-09-05
1627,Karan Mehta,25,,Mumbai,IT,30000,2020-03-30
1972,Rahul Gupta,29,Male,Kolkata,Finance,110000,2019-02-10
1744,Arjun Nair,24,Female,Pune,,50000,2024-03-29
1258,Rahul Gupta,42,M,Chennai,,65000,2022-04-23
1358,Riya Verma,29,M,Delhi,Operations,25000,2022-12-17
1709,Neha Singh,21,,Chennai,Operations,65000,2019-05-20
1455,Amit Sharma,32,Male,Bangalore,Finance,100000,2018-06-28
1410,Karan Mehta,59,F,Pune,Sales,85000,2018-05-12
1648,Arjun Nair,21,Female,,Finance,65000,2023-01-21
1317,Rahul Gupta,39,F,,Sales,85000,2022-01-18
1676,Neha Singh,20,F,Hyderabad,Finance,65000,2024-07-23
1224,Rahul Gupta,56,,Hyderabad,,75000,2020-02-11
1818,Amit Sharma,28,,Pune,HR,40000,2021-11-30
1233,ARJUN NAIR,36,,,Finance,30000,2023-10-25
1683,Neha Singh,28,Male,Delhi,Operations,50000,2019-08-02
1663,Arjun Nair,30,,Kolkata,Marketing,90000,2022-02-24
1974,Priya Kapoor,34,F,,Marketing,40000,2018-07-13
1826,Sneha Iyer,43,M,,HR,50000,2023-07-01
1373,Sneha Iyer,57,,Mumbai,Operations,115000,2021-03-31
1671,Sneha Iyer,54,Male,Pune,IT,50000,2024-07-22
1607,ARJUN NAIR,49,Male,Mumbai,Finance,30000,2021-10-16
1471,Priya Kapoor,50,F,Kolkata,IT,110000,2022-11-28
1232,Rahul Gupta,24,F,Chennai,Sales,85000,2021-01-15
1691,Arjun Nair,33,F,Hyderabad,Sales,65000,2024-03-11
1112,Arjun Nair,30,,Bangalore,IT,115000,2023-04-21
1829,Karan Mehta,28,Female,,Finance,85000,2020-02-19
1496,Neha Singh,53,,,Operations,75000,2018-09-19
1441,Amit Sharma,31,Female,Pune,Finance,25000,2019-12-31
1563,Riya Verma,54,Female,Hyderabad,Operations,55000,2018-10-10
1267,Neha Singh,54,M,Chennai,,95000,2022-01-30
1509,AMIT SHARMA,20,M,Bangalore,Finance,25000,2018-12-28
1806,Rahul Gupta,59,F,Chennai,Marketing,80000,2019-03-17
1385,Amit Sharma,41,Male,Kolkata,HR,55000,2023-11-11
1386,Karan Mehta,48,Male,Mumbai,IT,95000,2022-07-03
1112,Rahul Gupta,27,F,Hyderabad,HR,115000,2020-05-16
1612,Riya Verma,30,Male,Hyderabad,Finance,25000,2021-12-18
1624,Amit Sharma,,M,Bangalore,Sales,105000,2018-05-22
1951,Sneha Iyer,56,F,Delhi,HR,105000,2021-08-07
1080,Sneha Iyer,33,Female,Mumbai,Operations,35000,2021-12-26
1698,Neha Singh,49,F,Pune,Operations,80000,2023-02-19
1112,Neha Singh,54,,Hyderabad,Operations,50000,2023-01-22
1001,Amit Sharma,40,,Hyderabad,Finance,75000,2022-09-09
1641,Neha Singh,56,Male,Mumbai,IT,35000,2019-12-02
1219,Neha Singh,24,,Mumbai,,60000,2020-09-24
1565,Sneha Iyer,38,M,Kolkata,IT,90000,2023-09-28
1854,Neha Singh,33,Male,Delhi,Marketing,90000,2021-08-18
1996,Neha Singh,45,M,Kolkata,IT,70000,2020-05-30
1735,Arjun Nair,23,F,,Operations,30000,2021-04-28
1224,Arjun Nair,44,,Hyderabad,Finance,90000,2021-03-05
1384,Rahul Gupta,,,Bangalore,,65000,2019-07-09
1402,Neha Singh,44,,Kolkata,Marketing,35000,2019-02-08
1637,KARAN MEHTA,37,,Mumbai,Marketing,60000,2020-06-10
1129,Riya Verma,59,F,Pune,Operations,100000,2019-08-25
1052,Karan Mehta,27,Male,Mumbai,Marketing,30000,2023-01-05
1683,Arjun Nair,58,M,,,50000,2018-12-07
1729,Karan Mehta,59,Male,Hyderabad,IT,80000,2023-05-23
1671,Sneha Iyer,33,Male,Bangalore  ,Sales,45000,2019-12-05
1709,Karan Mehta,51,Female,,,30000,2018-11-14
1415,Riya Verma,57,,Kolkata,Sales,100000,2021-10-18
1246,Karan Mehta,52,M,Hyderabad,Operations,45000,2024-08-26
1835,Rahul Gupta,42,,Kolkata,IT,95000,2024-03-30
1438,Riya Verma,34,F,Kolkata,Sales,80000,2022-12-06
1202,Arjun Nair,52,Female,Mumbai,HR,40000,2021-09-29
1183,Rahul Gupta,44,Male,Chennai,Finance,95000,2022-04-22
1122,Rahul Gupta,36,M,Bangalore,Finance,75000,2020-03-27
1400,Neha Singh,52,Male,Delhi,IT,100000,2019-07-07
1766,Riya Verma,21,,Pune,Operations,50000,2020-05-05
1293,Karan Mehta,33,F,Pune,Operations,90000,2022-12-18
1279,Arjun Nair,59,,Pune,Sales,110000,2018-07-02
1836,Riya Verma,59,M,Mumbai,IT,80000,2022-04-24
1883,Neha Singh,58,Female,Kolkata,IT,75000,2019-02-01
1609,Priya Kapoor,25,Male,,IT,85000,2022-09-24
1197,Rahul Gupta,25,,Hyderabad,HR,75000,2022-02-26
1981,Karan Mehta,22,M,,IT,100000,2020-06-25
1906,Karan Mehta,26,Female,Pune,Operations,95000,2021-09-18
1510,Arjun Nair,27,Female,Delhi,Finance,95000,2023-12-15
1751,Neha Singh,,M,Pune,Operations,40000,2018-01-01
1143,Karan Mehta,34,F,Delhi,Marketing,75000,2018-01-19
1608,Priya Kapoor,48,Female,Pune,HR,115000,2019-08-07
1200,Riya Verma,52,,Delhi,HR,95000,2019-04-01
1123,Karan Mehta,49,Male,Mumbai,Marketing,40000,2023-07-30
1186,Neha Singh,58,F,,Marketing,85000,2021-02-06
1325,Sneha Iyer,46,Female,Chennai  ,Finance,115000,2024-10-28
1463,Sneha Iyer,55,F,Delhi,Operations,30000,2023-05-07
1348,Priya Kapoor,48,Female,Mumbai,Operations,90000,2023-11-21
1770,Priya Kapoor,57,F,Hyderabad,Marketing,40000,2020-09-14
1659,Riya Verma,52,Male,,Operations,100000,2019-06-04
1763,Neha Singh,56,M,Mumbai,Sales,,2020-05-08
1954,Arjun Nair,46,,,Operations,90000,2018-06-23
1931,Priya Kapoor,52,Male,,Marketing,95000,2021-09-28
1402,Rahul Gupta,23,,Kolkata,Operations,35000,2024-10-14
1345,Rahul Gupta,41,F,Delhi,Marketing,60000,2019-12-28
1962,Karan Mehta,21,M,,,100000,2022-09-07
1510,Karan Mehta,29,Male,Mumbai  ,HR,70000,2023-02-19
1146,Amit Sharma,24,Female,Delhi,Operations,40000,2022-08-09
1147,Karan Mehta,29,Female,Kolkata,Operations,110000,2021-09-09
1863,Arjun Nair,52,F,Chennai,,30000,2020-09-16
1710,Neha Singh,57,Female,Pune,,105000,2019-02-24
1819,Riya Verma,32,Male,,Finance,85000,2019-08-17
1488,Arjun Nair,50,Male,Chennai,Operations,40000,2024-12-07
1928,RIYA VERMA,55,Female,Pune,IT,75000,2022-11-10
1935,Karan Mehta,43,Male,Kolkata,HR,55000,2024-09-25
1639,Riya Verma,34,Female,Pune,Marketing,80000,2020-07-24
1550,Priya Kapoor,48,F,Bangalore,Marketing,70000,2021-01-12
1337,ARJUN NAIR,27,,Delhi,Operations,55000,2021-02-10
1871,Karan Mehta,24,Male,Chennai,HR,85000,2018-11-28
1640,Arjun Nair,48,Female,,HR,55000,2023-09-20
1778,Riya Verma,23,M,Chennai,Operations,105000,2022-11-29
1987,Rahul Gupta,31,F,,HR,70000,2020-08-16
1952,Priya Kapoor,21,Female,,HR,70000,2018-04-15
1472,Rahul Gupta,46,Female,,Sales,40000,2018-07-21
1945,Sneha Iyer,50,Female,Pune,IT,,2024-11-02
1150,Arjun Nair,55,F,,IT,40000,2023-01-17
1414,Amit Sharma,55,M,,Marketing,55000,2023-02-10
1989,Riya Verma,45,Male,,Finance,25000,2023-06-20
1297,Neha Singh,46,Female,Pune,HR,80000,2021-07-13
1610,Rahul Gupta,24,M,Pune,Sales,85000,2020-06-28
1262,Arjun Nair,39,,Kolkata,,70000,2018-07-29
1763,Arjun Nair,30,,Bangalore,Finance,95000,2019-07-17
1143,Arjun Nair,29,Female,Bangalore,IT,85000,2022-04-13
1345,Rahul Gupta,59,,Hyderabad,HR,65000,2020-02-10
1623,Neha Singh,57,Male,Mumbai,Marketing,65000,2024-11-06
1571,Arjun Nair,25,,Delhi,Sales,95000,2019-09-21
1880,Priya Kapoor,27,Female,Hyderabad,Sales,70000,2022-06-17
1001,Sneha Iyer,42,Male,Mumbai,Operations,70000,2022-08-29
1896,Sneha Iyer,45,M,Delhi,HR,60000,2019-01-22
1303,Karan Mehta,31,F,Chennai,Sales,100000,2023-04-20
1253,Sneha Iyer,45,M,Hyderabad,Finance,105000,2024-06-01
1651,Amit Sharma,32,M,Chennai,Marketing,45000,2024-04-24
1452,Arjun Nair,59,F,Chennai,Marketing,40000,2021-01-09
1036,Rahul Gupta,37,M,,IT,110000,2018-09-25
1159,Karan Mehta,44,Male,Bangalore,HR,115000,2024-10-02
1008,Priya Kapoor,52,F,Delhi,Sales,40000,2024-04-01
1232,Arjun Nair,59,F,Bangalore,Finance,55000,2023-01-31
1098,Rahul Gupta,31,,Bangalore,Marketing,70000,2023-06-22
1658,Arjun Nair,55,Male,Delhi,Marketing,110000,2021-10-12
1815,Neha Singh,23,Female,Chennai,Finance,115000,2021-05-21
1207,Rahul Gupta,24,Male,Mumbai,IT,40000,2019-07-28
1130,Sneha Iyer,56,,,,70000,2018-02-18
1403,Sneha Iyer,27,Male,Pune,Sales,25000,2021-02-24
1151,Priya Kapoor,,M,Kolkata,IT,110000,2018-08-11
1053,Riya Verma,47,Female,Pune,IT,45000,2021-12-02
1119,Priya Kapoor,50,Female,Bangalore,Operations,95000,2022-03-09
1672,Priya Kapoor,28,F,Mumbai,Operations,105000,2022-12-25
1919,Arjun Nair,48,,Pune,,35000,2024-05-13
1627,Sneha Iyer,33,M,Mumbai,,80000,2022-01-01
1586,Riya Verma,59,F,Mumbai,IT,30000,2021-02-04
1624,Amit Sharma,,,,IT,25000,2022-08-09
1967,Priya Kapoor,41,Male,Pune,Marketing,105000,2024-10-03
1419,Priya Kapoor,30,,Kolkata,HR,100000,2019-01-10
1421,RAHUL GUPTA,42,F,Pune,Finance,45000,2023-10-22
1103,Amit Sharma,20,Female,,Sales,95000,2023-07-15
1851,Karan Mehta,56,Male,Bangalore,Sales,35000,2020-11-19
1253,Karan Mehta,40,M,Delhi,IT,55000,2023-03-05
1226,Priya Kapoor,45,F,Mumbai,Marketing,75000,2022-12-29
1111,Rahul Gupta,55,M,,Marketing,70000,2022-01-14
1509,Rahul Gupta,42,F,Hyderabad  ,Operations,65000,2024-02-21
1472,Riya Verma,20,F,Bangalore,,90000,2021-03-25
1098,Karan Mehta,59,F,Bangalore,Operations,85000,2020-11-30
1152,Amit Sharma,34,,Pune,,30000,2023-09-02
1860,Arjun Nair,40,,,Sales,35000,2018-12-26
1913,Priya Kapoor,28,Male,Pune,HR,55000,2023-08-04
1895,Amit Sharma,28,Female,Bangalore,Operations,110000,2021-02-15
1877,Amit Sharma,29,F,Kolkata,Finance,35000,2022-06-24
1337,Arjun Nair,45,M,Mumbai,HR,70000,2021-11-04
1705,Riya Verma,,M,Pune,Sales,55000,2023-04-28
1821,Rahul Gupta,54,,,HR,65000,2019-11-10
1162,Rahul Gupta,44,M,Pune,Finance,105000,2024-10-23
1719,Amit Sharma,45,Female,Chennai,,75000,2018-01-07
1956,Karan Mehta,30,,  ,Sales,55000,2024-10-04
1680,Arjun Nair,57,F,Mumbai  ,HR,90000,2022-05-11
1995,Amit Sharma,21,Female,Pune,HR,115000,2020-04-12
1160,Amit Sharma,26,Female,,Finance,40000,2022-12-16
1579,Karan Mehta,37,F,,Operations,50000,2020-07-02
1800,Neha Singh,46,M,Hyderabad,HR,70000,2023-07-05
1397,Amit Sharma,53,Male,,,55000,2021-12-13
1276,Amit Sharma,46,M,,Operations,85000,2021-12-21
1815,Riya Verma,36,Female,Hyderabad,HR,90000,2022-02-11
1915,Rahul Gupta,43,M,Kolkata,Operations,40000,2018-05-06
1503,Rahul Gupta,44,F,,HR,60000,2024-09-08
1895,Sneha Iyer,26,Male,Pune,Operations,45000,2020-03-27
1391,Sneha Iyer,25,Female,,Operations,25000,2023-01-04
1134,Sneha Iyer,43,Male,Mumbai,IT,40000,2019-07-30
1194,Riya Verma,52,,,Operations,35000,2024-06-30
1400,Amit Sharma,48,F,Delhi,Marketing,65000,2021-11-16
1639,Neha Singh,41,,Chennai,,60000,2020-07-18
1032,Sneha Iyer,45,M,Pune,IT,25000,2022-01-03
1687,Riya Verma,47,,Mumbai,Sales,50000,2020-04-12
1459,Rahul Gupta,40,F,Bangalore,Operations,65000,2020-11-20
1954,Priya Kapoor,26,,Kolkata,,55000,2022-07-07
1882,Riya Verma,36,,Chennai,Marketing,40000,2023-03-16
1469,Karan Mehta,39,Male,,IT,85000,2021-12-28
1374,Rahul Gupta,,Male,Mumbai,Operations,105000,2021-10-31
1021,Riya Verma,39,M,Pune,IT,30000,2019-03-19
1749,Sneha Iyer,41,,Mumbai,Sales,45000,2023-10-24
1669,Amit Sharma,47,,Delhi,Sales,80000,2019-07-11
1037,RAHUL GUPTA,59,Male,Delhi,IT,60000,2021-03-24
1229,Priya Kapoor,26,M,Mumbai,Finance,50000,2023-07-31
1364,RIYA VERMA,20,F,Delhi,,60000,2018-12-29
1562,Riya Verma,51,F,Hyderabad,Operations,110000,2024-10-31
1437,Neha Singh,32,Male,,Finance,35000,2021-06-11
1775,Karan Mehta,49,Female,Hyderabad,Finance,80000,2023-01-16
1282,Sneha Iyer,42,,Delhi,,35000,2024-04-28
1026,Karan Mehta,38,,Mumbai,HR,50000,2023-01-25
1225,Arjun Nair,51,Male,Chennai,,30000,2023-12-13
1276,Priya Kapoor,49,M,Delhi,Sales,80000,2020-06-29
1797,Priya Kapoor,48,M,Delhi,IT,30000,2018-09-02
1608,Arjun Nair,48,Male,Mumbai,,50000,2019-06-26
1283,Amit Sharma,49,,Hyderabad,Marketing,105000,2024-12-07
1878,Amit Sharma,35,,Chennai,Sales,35000,2023-12-10
1959,Karan Mehta,59,Male,Pune,Marketing,30000,2023-12-13
1480,Sneha Iyer,38,,Hyderabad,,,2022-04-22
1452,Amit Sharma,37,F,Kolkata,HR,60000,2024-01-27
1828,Sneha Iyer,20,M,Pune,IT,80000,2018-05-04
1815,Karan Mehta,33,,Pune,HR,40000,2022-09-28
1658,Riya Verma,21,M,,Sales,45000,2020-02-25
1515,Karan Mehta,47,Male,,Marketing,85000,2023-08-06
1546,Arjun Nair,49,M,Chennai,Sales,95000,2024-02-27
1191,Riya Verma,57,Female,Hyderabad,HR,100000,2024-08-13
1048,Arjun Nair,23,Female,Chennai,Marketing,70000,2020-03-07
1511,Karan Mehta,20,Female,Kolkata,IT,100000,2018-03-18
1016,Riya Verma,27,Female,,HR,80000,2018-02-28
1171,Sneha Iyer,48,F,Pune,Operations,105000,2024-10-14
1219,Karan Mehta,58,M,,IT,100000,2022-03-04
1157,Amit Sharma,22,Female,Delhi,Finance,80000,2023-04-21
1476,Priya Kapoor,51,Male,Kolkata  ,Operations,60000,2023-11-27
1045,RAHUL GUPTA,29,Male,,Operations,,2021-07-25
1372,Amit Sharma,29,F,Delhi,Finance,35000,2018-03-09
1517,Arjun Nair,38,M,Delhi,Operations,100000,2024-06-10
1098,Riya Verma,53,Female,Bangalore,Marketing,85000,2023-04-17
1891,Riya Verma,52,M,Chennai,Finance,115000,2018-12-31
1744,Priya Kapoor,42,M,Pune,Finance,60000,2020-03-31
1036,Rahul Gupta,47,Female,Chennai,IT,45000,2021-11-03
1279,Riya Verma,51,Female,Pune  ,,,2024-07-18
1348,Priya Kapoor,26,F,Mumbai,IT,60000,2020-08-04
1496,Sneha Iyer,48,Male,Pune,Operations,80000,2022-04-27
1301,Karan Mehta,27,Male,Mumbai,Marketing,25000,2021-10-09
1180,Neha Singh,20,,Pune,,,2021-12-10
1606,Priya Kapoor,22,Female,Delhi,Sales,50000,2020-02-01
1098,Neha Singh,43,Male,,Operations,110000,2018-12-07
1699,SNEHA IYER,42,,Delhi,HR,60000,2019-01-18
1992,NEHA SINGH,27,Female,Hyderabad,HR,55000,2020-09-30
1115,Arjun Nair,56,M,Bangalore,,25000,2022-04-06
1190,Neha Singh,22,Male,Kolkata,,100000,2018-10-27
1252,Karan Mehta,52,,Bangalore,Finance,80000,2018-05-19
1980,Amit Sharma,47,Male,,IT,50000,2018-12-25
1927,Karan Mehta,27,Female,Kolkata,IT,,2020-04-15
1982,Priya Kapoor,53,Male,Chennai,Operations,30000,2022-03-03
1160,Sneha Iyer,54,Female,,IT,90000,2022-06-16
1255,Sneha Iyer,51,Female,Delhi,Operations,40000,2023-06-06
1322,Rahul Gupta,43,M,Kolkata,Marketing,25000,2021-07-27
1127,Neha Singh,33,Male,Mumbai,Sales,110000,2024-12-05
1017,Arjun Nair,51,Female,Kolkata,Sales,85000,2020-06-27
1792,Neha Singh,35,F,Bangalore,Sales,30000,2021-02-08
1734,Riya Verma,23,F,,,65000,2023-12-27
1565,Rahul Gupta,56,M,Mumbai,Marketing,30000,2020-09-22
1569,Arjun Nair,40,Male,Bangalore,Finance,65000,2024-10-18
1322,AMIT SHARMA,33,M,Kolkata,,25000,2024-12-31
1871,Amit Sharma,50,Female,Hyderabad,Finance,75000,2024-05-09
1685,Neha Singh,37,,Hyderabad,Finance,35000,2023-11-22
1791,Arjun Nair,26,Male,Chennai  ,Sales,,2021-05-22
1625,Neha Singh,29,M,Mumbai,Sales,40000,2022-11-20
1287,Arjun Nair,26,Male,Delhi,,110000,2018-06-14
1942,Arjun Nair,52,,,IT,50000,2020-09-25
1853,Neha Singh,42,F,,IT,35000,2021-07-31
1662,Karan Mehta,40,Male,Chennai,Finance,75000,2019-10-19
1961,Priya Kapoor,38,M,,HR,95000,2024-01-21
1638,Sneha Iyer,38,Female,Pune,IT,45000,2023-03-25
1154,Neha Singh,55,Male,,Sales,,2023-08-09
1489,Rahul Gupta,48,M,Pune,HR,70000,2023-10-13
1385,Sneha Iyer,37,Female,Bangalore,Sales,80000,2021-02-14
1985,Neha Singh,21,,Chennai,Finance,95000,2023-03-05
1784,Neha Singh,20,F,,Operations,105000,2018-09-24
1103,Karan Mehta,24,Male,Bangalore,HR,70000,2023-01-20
1928,Riya Verma,39,Male,Pune,HR,50000,2022-09-05
1392,Priya Kapoor,30,,Bangalore,Sales,110000,2024-04-12
1810,Riya Verma,,M,Chennai,Marketing,85000,2024-09-08
1245,Amit Sharma,21,Male,Bangalore,IT,35000,2022-02-19
1175,Neha Singh,22,Female,Mumbai,,70000,2019-04-21
1038,Rahul Gupta,42,Male,Hyderabad,IT,90000,2020-09-03
1476,Arjun Nair,31,F,Mumbai,Finance,50000,2021-04-22
1681,Arjun Nair,39,,Chennai,HR,35000,2020-11-09
1758,Amit Sharma,24,F,Chennai,Finance,100000,2023-05-15
1537,Neha Singh,56,M,Bangalore,IT,55000,2019-07-12
1866,Riya Verma,57,,,,,2020-10-14
1817,Riya Verma,49,Female,Kolkata,Finance,90000,2022-05-25
1920,Riya Verma,28,,Delhi,,65000,2020-06-01
1407,Rahul Gupta,53,M,Bangalore,Finance,95000,2024-01-04
1524,Amit Sharma,54,F,Delhi  ,Sales,35000,2019-10-28
1827,Neha Singh,41,Female,Kolkata,Marketing,30000,2022-11-07
1505,Karan Mehta,43,M,,IT,30000,2020-05-13
1902,RIYA VERMA,36,M,Chennai,,35000,2019-08-05
1824,Sneha Iyer,29,Male,Kolkata,IT,110000,2019-11-26
1035,Sneha Iyer,49,Female,Pune,,90000,2021-06-05
1684,AMIT SHARMA,42,M,Bangalore,Marketing,,2022-05-30
1019,RAHUL GUPTA,51,M,Hyderabad,Operations,110000,2021-05-24
1320,SNEHA IYER,36,Male,Chennai,Sales,70000,2024-09-20
1775,Riya Verma,36,M,Kolkata,Marketing,30000,2019-02-03
1511,Arjun Nair,33,M,Mumbai,Finance,25000,2023-05-01
1399,Amit Sharma,28,Female,Mumbai,Finance,40000,2019-12-16
1653,Amit Sharma,59,F,Hyderabad  ,HR,90000,2019-12-05
1971,Neha Singh,21,F,Pune,IT,25000,2024-12-21
1882,NEHA SINGH,44,Female,Hyderabad,,90000,2022-09-11
1470,Neha Singh,58,Female,Chennai,,100000,2023-05-27
1142,Karan Mehta,28,,,Sales,90000,2018-03-23
1091,Neha Singh,41,M,Hyderabad,Marketing,,2019-08-27
1353,Karan Mehta,23,M,,Finance,35000,2023-05-25
1833,Neha Singh,45,M,,Marketing,35000,2022-09-07
1799,Rahul Gupta,48,Female,Hyderabad,Sales,65000,2023-08-09
1726,Amit Sharma,53,,Pune,IT,50000,2020-06-21
1958,Amit Sharma,42,F,Delhi,,85000,2018-12-31
1853,Arjun Nair,56,Male,Bangalore,,30000,2018-06-12
1050,Arjun Nair,30,Male,Pune,Marketing,60000,2023-02-07
1664,Neha Singh,25,Female,Kolkata,Marketing,30000,2018-04-26
1697,Karan Mehta,37,M,,Marketing,40000,2024-07-12
1574,Priya Kapoor,40,,Pune,Operations,95000,2020-05-30
1189,Rahul Gupta,,Male,Hyderabad,Marketing,40000,2020-04-19
1124,Neha Singh,55,Male,Bangalore,IT,85000,2024-01-04
1149,ARJUN NAIR,,F,Chennai,Marketing,80000,2021-09-08
1313,Rahul Gupta,57,,Pune,IT,85000,2024-10-26
1569,Rahul Gupta,53,F,Delhi,Marketing,90000,2020-11-02
1341,Neha Singh,36,,Chennai,Sales,,2020-07-31
1304,Sneha Iyer,56,,Kolkata,Sales,110000,2022-09-21
1691,Neha Singh,44,Female,,Finance,50000,2024-05-23
1681,Neha Singh,57,F,Hyderabad,Finance,75000,2021-02-11
1837,Amit Sharma,31,,Pune,,30000,2024-12-02
1782,Riya Verma,42,F,,,115000,2018-01-22
1053,Neha Singh,,M,Delhi,IT,115000,2022-10-16
1443,Riya Verma,41,Male,Pune,Operations,45000,2019-11-14
1612,Riya Verma,40,Male,Delhi,HR,115000,2023-01-08
1992,Neha Singh,46,Female,Pune,,30000,2024-06-25
1263,Arjun Nair,50,F,,,70000,2018-05-06
1052,Sneha Iyer,25,F,Pune,Sales,30000,2018-10-04
1571,Sneha Iyer,46,F,,IT,75000,2023-06-23
1619,Riya Verma,59,M,Bangalore,Marketing,110000,2021-05-12
1004,Neha Singh,53,,Pune,,95000,2024-02-20
1102,Neha Singh,31,Female,Chennai,IT,65000,2019-11-27
1195,Rahul Gupta,26,Male,,Sales,115000,2021-08-02
1773,Riya Verma,29,Female,Kolkata,Finance,65000,2018-02-26
1876,Arjun Nair,36,Male,Kolkata,,35000,2018-01-19
1991,Arjun Nair,45,M,Pune,,65000,2024-04-30
1883,Arjun Nair,40,M,Chennai  ,,90000,2018-04-23
1349,Sneha Iyer,47,M,,Sales,115000,2019-06-26
1046,Sneha Iyer,21,Male,Kolkata,Operations,55000,2019-08-02
1866,Arjun Nair,20,F,Hyderabad,HR,100000,2020-12-24
1822,Neha Singh,55,Male,Chennai,IT,100000,2018-01-25
1935,Priya Kapoor,45,M,,Sales,25000,2022-04-22
1819,Priya Kapoor,48,F,Kolkata,Finance,40000,2023-08-11
1655,Arjun Nair,40,Female,Pune,HR,40000,2022-04-22
1268,Priya Kapoor,30,F,Hyderabad,Marketing,55000,2018-05-21
1369,Rahul Gupta,59,Female,Hyderabad,Operations,60000,2022-11-03
1635,Sneha Iyer,30,Female,Hyderabad,Sales,105000,2019-10-10
1105,Riya Verma,55,M,Pune,Operations,45000,2024-02-14
1669,Sneha Iyer,58,Male,,Finance,55000,2018-07-20
1658,Rahul Gupta,59,,Kolkata,IT,,2018-09-14
1656,Priya Kapoor,54,,Kolkata,Finance,,2019-07-01
1119,Amit Sharma,53,Female,Hyderabad,Operations,40000,2024-02-20
1830,Sneha Iyer,43,M,Pune,Operations,50000,2020-03-12
1786,Priya Kapoor,41,F,Bangalore,IT,55000,2020-07-30
1603,Arjun Nair,24,Male,Delhi,,110000,2019-02-18
1057,Karan Mehta,52,,Hyderabad,Finance,45000,2023-07-08
1950,Rahul Gupta,55,M,,IT,,2021-10-13
1345,Priya Kapoor,39,Male,Mumbai,HR,35000,2021-01-03
1740,Arjun Nair,38,Male,Hyderabad,HR,55000,2020-06-28
1473,Arjun Nair,54,Male,  ,,90000,2018-07-07
1116,Riya Verma,36,Female,Delhi,Operations,55000,2023-07-09
1829,Arjun Nair,53,Female,,Sales,45000,2021-08-06
1790,Sneha Iyer,28,F,Chennai,,45000,2023-09-24
1126,Riya Verma,45,Male,Chennai,Finance,30000,2023-11-01
1392,Rahul Gupta,21,M,Chennai,Sales,50000,2021-02-20
1907,Amit Sharma,28,F,,,95000,2018-12-24
1640,Karan Mehta,28,F,Delhi,HR,70000,2022-04-01
1057,Karan Mehta,59,F,Chennai,HR,55000,2020-12-25
1633,Riya Verma,36,,,Sales,45000,2022-08-08
1512,Priya Kapoor,20,Female,Hyderabad  ,Sales,25000,2024-08-19
1750,Riya Verma,44,Female,,Marketing,85000,2018-06-11
1801,Amit Sharma,59,F,Bangalore,IT,110000,2024-06-27
1095,Arjun Nair,,Male,,HR,85000,2019-03-26
1637,AMIT SHARMA,44,,Bangalore,,110000,2022-02-06
1117,Arjun Nair,58,M,Pune,HR,45000,2020-11-02
1559,Arjun Nair,54,Male,Delhi,IT,85000,2024-02-10
1600,Riya Verma,22,Male,Kolkata,Operations,40000,2023-11-29
1487,Priya Kapoor,56,Male,Chennai,IT,105000,2023-05-05
1236,Amit Sharma,49,M,,IT,35000,2024-12-30
1884,Neha Singh,57,Male,Bangalore,IT,105000,2021-08-06
1896,Karan Mehta,53,Female,Mumbai,,75000,2024-05-31
1271,Priya Kapoor,31,F,Kolkata,Sales,,2021-05-23
1188,Riya Verma,38,Male,Delhi,Finance,40000,2020-08-31
1998,Amit Sharma,56,F,Bangalore,Operations,30000,2019-09-24
1703,Karan Mehta,36,Female,,HR,,2022-05-10
1446,SNEHA IYER,29,M,Delhi,Marketing,100000,2020-11-16
1580,Arjun Nair,31,M,Bangalore,Finance,110000,2022-05-08
1789,Karan Mehta,35,,Mumbai,IT,60000,2024-06-26
1860,Rahul Gupta,43,Female,Kolkata,IT,35000,2022-08-21
1246,Karan Mehta,38,F,Kolkata,Finance,65000,2019-03-13
1962,Amit Sharma,27,F,Hyderabad,Marketing,,2022-04-06
1075,Arjun Nair,50,,Bangalore,Marketing,50000,2020-12-12
1153,Neha Singh,40,,Delhi,HR,70000,2021-07-28
1655,Arjun Nair,36,Female,Pune,Sales,70000,2023-09-10
1434,Amit Sharma,42,,,IT,85000,2024-07-12
1996,Karan Mehta,56,Male,Hyderabad,Marketing,105000,2018-07-02
1085,Arjun Nair,35,Female,Kolkata,,65000,2022-01-09
1696,NEHA SINGH,25,M,Pune,Operations,105000,2022-01-19
1284,Riya Verma,27,M,,Marketing,65000,2022-05-09
1973,Rahul Gupta,44,Male,,IT,65000,2022-05-07
1219,Riya Verma,37,,Hyderabad,Sales,25000,2019-10-22
1068,Sneha Iyer,44,Male,Hyderabad,Marketing,30000,2018-06-09
1046,Priya Kapoor,31,F,Pune,HR,100000,2024-09-25
1093,Amit Sharma,34,Female,,Sales,25000,2020-10-08
1749,Riya Verma,45,M,Bangalore,Finance,70000,2018-02-22
1957,Karan Mehta,,F,Delhi,Marketing,110000,2024-09-21
1452,Priya Kapoor,45,Female,,HR,60000,2020-11-11
1203,Neha Singh,51,Male,Bangalore,Operations,75000,2020-11-19
1911,Amit Sharma,29,F,Mumbai,Sales,30000,2024-04-26
1217,Sneha Iyer,35,,,HR,60000,2021-05-13
1473,Sneha Iyer,26,F,Chennai  ,HR,60000,2022-02-03
1431,Riya Verma,36,F,Bangalore,HR,105000,2022-01-29
1340,Neha Singh,42,Male,Hyderabad,Finance,95000,2020-11-01
1550,Sneha Iyer,45,Female,,,105000,2023-05-05
1611,Sneha Iyer,40,Female,Delhi,,85000,2020-04-29
1288,Karan Mehta,41,Female,Pune,Marketing,115000,2018-12-20
1253,Karan Mehta,26,F,Kolkata,Marketing,45000,2021-01-03
1733,NEHA SINGH,33,Male,,Sales,80000,2022-10-06
1356,Amit Sharma,34,,Delhi,Marketing,25000,2022-01-04
1022,Rahul Gupta,26,Female,Bangalore,HR,45000,2020-09-17
1761,Sneha Iyer,28,Male,  ,,60000,2021-06-18
1521,Arjun Nair,27,Female,,Marketing,85000,2023-02-28
1757,Priya Kapoor,42,Female,Mumbai,Sales,60000,2022-12-15
1836,Amit Sharma,48,Female,Mumbai,Finance,75000,2024-05-30
1099,Amit Sharma,37,Female,Kolkata,Operations,25000,2024-03-06
1801,Priya Kapoor,50,M,Hyderabad  ,,85000,2021-01-16
1179,Priya Kapoor,49,Male,,HR,115000,2020-03-28
1222,Rahul Gupta,58,Female,Delhi,Finance,35000,2022-12-05
1905,Rahul Gupta,54,M,Chennai,Operations,105000,2023-05-15
1761,Priya Kapoor,37,M,Bangalore,Finance,45000,2024-09-03
1658,Neha Singh,,Male,Bangalore,Sales,,2024-06-30
1441,Arjun Nair,58,M,Kolkata,,60000,2020-06-07
1607,Rahul Gupta,36,F,Hyderabad,Operations,90000,2023-01-30
1768,Amit Sharma,33,,Delhi,Marketing,40000,2021-03-26
1324,Amit Sharma,50,F,,HR,75000,2019-10-30
1515,Sneha Iyer,43,Male,Mumbai,,,2019-09-25
1015,Neha Singh,54,,Kolkata,,95000,2022-07-01
1791,Amit Sharma,53,Male,Pune,Finance,115000,2018-05-17
1335,Rahul Gupta,22,F,Bangalore,Finance,55000,2023-05-01
1758,Rahul Gupta,56,Female,Pune,Marketing,115000,2022-08-25
1257,Sneha Iyer,59,M,,,115000,2019-03-04
1496,Priya Kapoor,45,Female,,Sales,75000,2022-01-15
1987,Sneha Iyer,42,Female,,Marketing,45000,2020-03-29
1895,Neha Singh,58,F,Hyderabad,Finance,45000,2023-12-29
1159,Neha Singh,34,F,,,60000,2021-01-11
1474,Neha Singh,23,F,Kolkata,IT,70000,2024-02-03
1851,Karan Mehta,48,Male,,HR,50000,2018-07-17
1663,Neha Singh,41,Male,Hyderabad,Marketing,95000,2023-06-19
1907,Riya Verma,44,,,,100000,2024-09-14
1689,Neha Singh,32,F,Pune,HR,105000,2019-04-16
1674,Rahul Gupta,37,,,Marketing,60000,2024-03-15
1379,Priya Kapoor,52,Female,,Operations,60000,2023-05-03
1544,Arjun Nair,35,M,Pune,HR,65000,2020-07-17
1928,Riya Verma,,,Kolkata,HR,30000,2023-07-04
1956,Karan Mehta,21,F,Pune,Sales,95000,2020-06-24
1690,Priya Kapoor,54,Female,Mumbai,Sales,110000,2024-02-01
1426,Karan Mehta,,M,Kolkata,Sales,35000,2018-01-23
1612,Priya Kapoor,53,Female,Mumbai,Finance,105000,2018-08-23
1267,Riya Verma,49,Male,Hyderabad,IT,40000,2021-01-29
1834,Rahul Gupta,32,F,Chennai,Marketing,40000,2020-07-17
1576,Priya Kapoor,32,M,Bangalore,,90000,2019-06-07
1416,Sneha Iyer,37,F,None  ,HR,65000,2022-12-14
1167,Karan Mehta,51,F,Delhi,,65000,2019-03-07
1841,Sneha Iyer,51,M,Kolkata,HR,110000,2020-03-03
1042,Amit Sharma,54,F,Mumbai,HR,70000,2022-06-18
1555,Rahul Gupta,58,F,Hyderabad,Finance,40000,2022-10-03
1284,Priya Kapoor,48,F,Chennai,Operations,80000,2019-06-17
1396,Sneha Iyer,48,M,,Marketing,60000,2022-10-13
1011,Arjun Nair,35,F,Chennai,HR,30000,2022-08-03
1606,Priya Kapoor,29,,,Sales,85000,2021-08-09
1301,Riya Verma,49,M,Delhi,IT,100000,2020-07-01
1897,Riya Verma,44,Male,Pune,IT,30000,2021-01-29
1252,Amit Sharma,58,M,Chennai,Operations,75000,2022-03-06
1498,Sneha Iyer,39,M,Mumbai,Marketing,70000,2021-08-20
1753,Karan Mehta,24,Male,Pune,Operations,95000,2020-10-20
1034,Priya Kapoor,20,M,Pune,IT,105000,2022-04-26
1726,Rahul Gupta,49,Male,,Operations,60000,2021-10-10
1848,Riya Verma,22,F,Kolkata,Sales,110000,2022-02-28
1089,Riya Verma,33,Male,Kolkata,IT,65000,2022-08-09
1775,Amit Sharma,49,Female,,,60000,2023-06-21
1604,Karan Mehta,23,Female,,IT,90000,2018-08-15
1921,Priya Kapoor,37,M,Kolkata,Marketing,110000,2021-06-13
1969,Riya Verma,56,Male,Bangalore,HR,,2020-05-22
1601,Neha Singh,44,F,Hyderabad,,,2020-06-10
1417,Sneha Iyer,20,,Bangalore,,80000,2022-01-18
1114,Riya Verma,34,Male,Hyderabad,Sales,115000,2020-11-02
1616,Sneha Iyer,28,M,,HR,90000,2024-03-07
1902,Neha Singh,34,,,,105000,2019-02-01
1195,NEHA SINGH,43,M,Chennai,Marketing,35000,2021-01-28
1825,Neha Singh,23,Female,Bangalore,Operations,55000,2023-09-10
1500,Sneha Iyer,31,M,Chennai,Operations,105000,2019-10-11
1625,SNEHA IYER,56,F,Chennai,,80000,2018-11-25
1492,Rahul Gupta,56,,,IT,65000,2022-01-22
1074,Arjun Nair,25,F,Mumbai,HR,95000,2020-08-09
1412,Riya Verma,58,Female,,Finance,110000,2023-06-29
1375,Neha Singh,43,Male,,IT,85000,2023-07-10
1419,ARJUN NAIR,30,Female,Mumbai,Finance,60000,2023-02-22
1728,Neha Singh,32,Male,Pune,HR,90000,2021-04-11
1276,Rahul Gupta,53,,Delhi,,60000,2022-11-08
1760,Priya Kapoor,44,Male,Hyderabad,HR,90000,2018-06-11
1675,Neha Singh,26,Male,Bangalore,Sales,55000,2022-10-18
1393,Priya Kapoor,23,Male,Delhi,Operations,80000,2020-02-15
1868,Arjun Nair,27,F,Kolkata,,75000,2023-01-02
1456,Rahul Gupta,39,,Kolkata,Finance,75000,2024-05-10
1919,Sneha Iyer,48,,Mumbai,IT,85000,2020-11-17
1191,Karan Mehta,29,Female,Chennai,Marketing,110000,2024-07-01
1738,Priya Kapoor,53,M,Chennai,HR,30000,2020-07-28
1688,Amit Sharma,45,Female,Mumbai,Marketing,95000,2019-06-24
1098,Karan Mehta,,Female,Bangalore,Sales,,2024-12-10
1547,Rahul Gupta,22,Male,,HR,110000,2020-04-01
1977,Rahul Gupta,25,Male,Mumbai,Operations,95000,2022-01-01
1998,Priya Kapoor,24,Male,Chennai,,115000,2020-12-24
1095,Sneha Iyer,24,F,Delhi,,80000,2018-12-22
1663,Karan Mehta,42,Female,,HR,85000,2018-08-23
1662,Karan Mehta,28,Male,Hyderabad,HR,75000,2024-03-24
1189,Neha Singh,54,Male,Chennai,Marketing,45000,2022-03-29
1735,Rahul Gupta,39,M,,Finance,25000,2023-09-28
1036,Rahul Gupta,,Male,,HR,35000,2018-04-28
1779,Riya Verma,54,M,Hyderabad,Sales,115000,2023-10-03
1368,Sneha Iyer,37,Male,Chennai,Sales,55000,2022-08-01
1694,Rahul Gupta,36,Male,Delhi  ,Finance,80000,2020-12-03
1524,Riya Verma,43,Male,Mumbai,Marketing,95000,2023-10-02
1278,ARJUN NAIR,22,M,Pune,IT,45000,2019-07-12
1216,Karan Mehta,51,Female,,Finance,95000,2022-12-21
1866,Riya Verma,54,F,Chennai,Finance,60000,2023-06-29
1872,Neha Singh,57,M,Chennai,Marketing,70000,2019-02-02
1797,Arjun Nair,32,F,,IT,100000,2019-11-06
1272,Priya Kapoor,44,,Delhi,,60000,2019-01-22
1880,Amit Sharma,28,,Delhi,Marketing,25000,2023-11-29
1061,Arjun Nair,23,Male,Bangalore,Operations,80000,2023-08-27
1595,Amit Sharma,33,M,Mumbai,Marketing,45000,2020-06-02
1879,Amit Sharma,56,M,Bangalore,,35000,2019-06-25
1728,Karan Mehta,53,,Kolkata,Sales,25000,2018-06-20
1341,Arjun Nair,30,M,Kolkata,Marketing,40000,2024-09-22
1396,Arjun Nair,,,,,60000,2020-01-10
1698,Neha Singh,22,F,Kolkata,Operations,35000,2021-11-02
1018,Neha Singh,47,M,Hyderabad,Sales,70000,2024-03-27
1176,Amit Sharma,48,,Kolkata,Sales,30000,2018-04-29
1611,Arjun Nair,28,F,,Finance,75000,2024-11-17
1395,Riya Verma,22,F,Kolkata,Sales,70000,2023-11-22
1444,Rahul Gupta,44,Male,Mumbai  ,Marketing,90000,2023-06-19
1232,Arjun Nair,53,Female,Pune,HR,55000,2022-09-02
1914,Karan Mehta,31,Female,,Sales,30000,2022-09-19
1075,Karan Mehta,,,Kolkata,HR,65000,2024-02-01
1264,Neha Singh,28,Female,Bangalore,IT,100000,2022-08-25
1454,Rahul Gupta,34,,Mumbai,Operations,85000,2021-12-15
1795,Sneha Iyer,59,,Bangalore,Operations,65000,2022-10-26
1717,NEHA SINGH,44,F,Pune,Marketing,,2022-03-05
1734,Amit Sharma,24,M,Hyderabad,Marketing,40000,2019-10-27
1383,Karan Mehta,30,F,,HR,70000,2018-02-02
1563,Rahul Gupta,53,Male,Mumbai,Marketing,80000,2023-10-04
1850,Riya Verma,43,M,Hyderabad,Finance,105000,2023-08-22
1505,Amit Sharma,34,Female,Bangalore,Finance,90000,2022-04-01
1366,Amit Sharma,57,,Chennai,Sales,90000,2019-12-21
1143,AMIT SHARMA,27,Female,Mumbai,Marketing,30000,2024-08-17
1884,Priya Kapoor,24,F,Mumbai,Finance,,2019-04-29
1068,Sneha Iyer,45,F,,IT,75000,2020-08-30
1098,Riya Verma,37,Male,Delhi,IT,100000,2018-11-03
1395,Sneha Iyer,25,M,Bangalore,Marketing,115000,2019-04-02
1024,Priya Kapoor,56,,Chennai,HR,50000,2024-01-17
1947,Karan Mehta,32,Male,,Sales,115000,2018-11-27
1890,KARAN MEHTA,47,Male,Bangalore,Marketing,45000,2018-08-13
1468,Amit Sharma,24,F,Delhi,Finance,40000,2022-01-19
1483,Priya Kapoor,32,Male,Delhi,HR,95000,2020-12-18
1564,Priya Kapoor,36,F,Hyderabad,Operations,40000,2019-10-06
1150,Sneha Iyer,59,Female,Pune,Finance,,2019-09-08
1143,Sneha Iyer,51,,Kolkata,HR,70000,2018-07-14
1568,Rahul Gupta,48,F,Hyderabad,Finance,35000,2019-05-04
1038,Rahul Gupta,22,Female,Hyderabad,Finance,45000,2024-01-14
1108,Arjun Nair,59,,Delhi,IT,50000,2021-06-03
1692,Priya Kapoor,53,F,Mumbai,IT,60000,2024-09-25
1041,Arjun Nair,59,Male,Pune  ,Marketing,55000,2021-01-07
1185,Rahul Gupta,46,Male,Mumbai  ,HR,70000,2021-02-21
1934,Riya Verma,32,Male,,Marketing,50000,2024-11-23
1397,Neha Singh,52,Male,Kolkata,Operations,90000,2021-05-26
1222,Karan Mehta,25,M,Mumbai,HR,40000,2019-05-31
1633,Riya Verma,43,M,Delhi,Marketing,85000,2022-06-14
1132,Riya Verma,38,F,,Sales,,2021-02-01
1162,Riya Verma,35,,,Sales,105000,2019-01-28
1214,Priya Kapoor,59,Male,Delhi,HR,55000,2019-09-23
1732,Priya Kapoor,47,Male,Pune,,40000,2023-01-22
1234,Priya Kapoor,52,,Mumbai,Sales,90000,2020-09-06
1842,Arjun Nair,,,Chennai,Finance,35000,2019-03-10
1657,Rahul Gupta,32,M,,Marketing,45000,2018-10-05
1750,Arjun Nair,44,Female,Pune,Sales,100000,2018-08-21
1587,Riya Verma,,F,Delhi,Sales,,2022-04-02
1008,Priya Kapoor,55,M,Hyderabad,Sales,40000,2022-05-14
1073,Amit Sharma,46,M,Pune  ,Finance,30000,2021-01-18
1953,Karan Mehta,57,Male,Bangalore,IT,110000,2024-08-06
1491,Neha Singh,26,Female,Hyderabad,Sales,115000,2018-01-26
1912,Karan Mehta,24,F,,,115000,2021-11-18
1252,Riya Verma,50,Female,Delhi,Operations,105000,2024-12-29
1229,Karan Mehta,42,M,Mumbai,Operations,90000,2024-05-03
1518,Sneha Iyer,,,Mumbai,,115000,2019-04-06
1173,Karan Mehta,29,Female,Hyderabad,Finance,85000,2024-11-08
1652,Riya Verma,51,Male,Delhi,HR,80000,2020-12-27
1167,Neha Singh,49,F,Pune,Marketing,50000,2020-10-03
1169,Amit Sharma,58,F,Pune,,40000,2023-06-18
1392,Riya Verma,50,,,,115000,2019-05-06
1945,Neha Singh,37,Female,Chennai,IT,100000,2020-12-08
1794,Neha Singh,55,M,Chennai,Operations,85000,2018-08-04
1633,Rahul Gupta,21,,Chennai,IT,40000,2022-09-20
1193,Amit Sharma,33,Female,Hyderabad,Finance,105000,2022-05-12
1516,Riya Verma,32,,Bangalore,Finance,25000,2018-06-08
1028,Priya Kapoor,48,Female,Chennai,Operations,110000,2024-12-11
1164,Sneha Iyer,31,M,Pune,,,2019-11-17
1421,Karan Mehta,58,Female,Pune,,105000,2022-11-12
1338,Karan Mehta,21,M,Pune,,95000,2023-08-15
1647,Amit Sharma,51,Male,Kolkata,Marketing,75000,2023-01-18
1495,Neha Singh,32,Male,Hyderabad,Operations,85000,2024-08-05
1364,KARAN MEHTA,46,Female,Pune,IT,25000,2024-11-11
1832,Amit Sharma,,F,Kolkata,HR,105000,2024-04-14
1341,PRIYA KAPOOR,36,,Pune,Finance,50000,2022-05-09
1499,Arjun Nair,59,F,Kolkata,Marketing,40000,2022-08-24
1656,Arjun Nair,50,F,Kolkata,,,2024-10-05
1510,Neha Singh,53,F,Mumbai,Operations,100000,2023-05-01
1326,Neha Singh,43,Female,Delhi,,95000,2023-08-25
1216,Riya Verma,54,F,Bangalore,Sales,95000,2021-02-19
1300,Karan Mehta,25,Male,Mumbai,,50000,2024-05-13
1131,Arjun Nair,38,M,,Finance,95000,2022-05-01
1803,Amit Sharma,49,Male,Kolkata,,90000,2024-11-05
1069,Rahul Gupta,26,M,Pune,Sales,75000,2024-10-29
1251,Neha Singh,29,Male,Pune,Marketing,55000,2024-03-07
1414,Riya Verma,,Male,Mumbai,Operations,65000,2024-06-07
1786,Neha Singh,51,Female,Chennai,Marketing,100000,2023-04-17
1444,Arjun Nair,53,,Mumbai,Operations,45000,2022-10-24
1875,Sneha Iyer,47,F,Hyderabad,Marketing,,2023-08-13
1181,Rahul Gupta,34,F,Delhi,HR,70000,2020-09-16
1166,Arjun Nair,49,,Mumbai,Marketing,110000,2022-03-22
1090,Riya Verma,56,F,Hyderabad,Sales,35000,2021-01-21
1713,Sneha Iyer,48,,,HR,85000,2019-05-08
1857,Sneha Iyer,41,F,Delhi,IT,75000,2019-09-12
1530,Karan Mehta,23,Male,Mumbai,HR,105000,2024-07-06
1038,Amit Sharma,39,,Pune,Sales,85000,2024-07-08
1125,Karan Mehta,51,Male,Mumbai,HR,50000,2023-09-29
1450,Amit Sharma,55,F,Delhi,,105000,2022-03-27
1172,Karan Mehta,23,Female,,Sales,85000,2020-05-12
1652,Sneha Iyer,46,Female,Chennai,IT,115000,2022-08-19
1753,Priya Kapoor,36,F,Delhi,Finance,115000,2022-05-25
1219,Priya Kapoor,31,Male,Pune,Finance,70000,2024-05-08
1637,Riya Verma,41,,,Finance,35000,2019-08-03
1057,Karan Mehta,36,F,Chennai,Sales,90000,2023-03-06
1659,Neha Singh,29,M,Mumbai,Marketing,115000,2021-06-29
1475,Neha Singh,20,F,Kolkata,IT,45000,2023-01-30
1455,PRIYA KAPOOR,41,Male,Bangalore,HR,45000,2024-10-29
1828,Priya Kapoor,45,M,Mumbai  ,Operations,,2021-09-17
1894,Riya Verma,37,F,Kolkata  ,,105000,2021-03-08
1360,Amit Sharma,33,Male,,Sales,70000,2018-12-23
1934,Sneha Iyer,48,Female,Mumbai,Operations,45000,2022-06-13
1000,PRIYA KAPOOR,31,Female,Hyderabad,Operations,40000,2024-05-10
1386,Karan Mehta,55,Female,Hyderabad,,50000,2023-06-30
1972,Arjun Nair,54,,Delhi,IT,40000,2024-06-16
1347,Arjun Nair,31,M,Kolkata,IT,55000,2020-05-19
1189,Amit Sharma,26,,Delhi,Marketing,55000,2020-06-04
1504,Sneha Iyer,48,,Delhi,Operations,110000,2023-06-25
1190,Priya Kapoor,30,Female,Chennai,Operations,35000,2024-01-11
1507,Riya Verma,52,Male,,Operations,25000,2021-11-14
1368,Riya Verma,25,Male,Bangalore,,40000,2021-07-07
1408,Karan Mehta,34,Female,,Marketing,50000,2019-09-12
1823,Priya Kapoor,51,Male,Mumbai,Marketing,65000,2020-06-01
1928,Rahul Gupta,30,Female,,,90000,2020-03-07
1933,Rahul Gupta,42,Female,,Operations,80000,2023-12-13
1116,Priya Kapoor,45,,,Operations,,2021-07-20
1133,Priya Kapoor,53,M,Kolkata  ,Finance,40000,2019-09-11
1057,Neha Singh,53,Female,Hyderabad,Finance,80000,2023-01-09
1555,Sneha Iyer,48,M,Kolkata,Operations,70000,2018-09-02
1684,Riya Verma,23,F,,,55000,2024-11-02
1671,Priya Kapoor,36,,Hyderabad,HR,35000,2020-07-18
1172,Neha Singh,54,M,Chennai,HR,90000,2021-06-24
1828,Neha Singh,32,M,Bangalore,Marketing,70000,2019-06-04
1814,Riya Verma,,Male,Kolkata,Finance,100000,2024-08-06
1148,RIYA VERMA,58,F,Hyderabad,HR,100000,2018-01-08
1079,Sneha Iyer,34,M,Pune,,70000,2024-11-30
1885,Karan Mehta,48,F,Mumbai,IT,85000,2023-07-13
1212,Amit Sharma,48,,Delhi,Operations,50000,2019-05-10
1202,Priya Kapoor,30,F,Hyderabad,Marketing,80000,2022-06-18
1763,Amit Sharma,51,Female,Hyderabad,Operations,65000,2020-11-28
1228,Karan Mehta,21,M,Pune,Marketing,85000,2018-07-06
1675,Karan Mehta,33,Male,Chennai,,40000,2023-02-21
1226,Sneha Iyer,39,F,,IT,75000,2023-11-11
1658,Rahul Gupta,41,F,Bangalore,,,2018-03-27
1531,Priya Kapoor,30,F,,Finance,110000,2018-05-17
1440,Karan Mehta,46,F,,HR,75000,2024-10-04
1401,Priya Kapoor,22,Male,,Finance,40000,2023-10-23
1046,Amit Sharma,36,Male,,Operations,110000,2022-06-25
1232,Karan Mehta,47,M,,Finance,25000,2024-01-28
1304,Priya Kapoor,48,Male,,Marketing,55000,2022-10-18
1525,Neha Singh,40,,Kolkata,HR,50000,2024-01-27
1142,Rahul Gupta,35,M,Hyderabad,,95000,2022-11-23
1414,Arjun Nair,56,Female,Hyderabad,,110000,2020-05-21
1512,Riya Verma,39,Female,Delhi  ,IT,75000,2024-06-27
1372,Amit Sharma,25,F,,IT,,2024-11-08
1565,Arjun Nair,38,F,Mumbai  ,Marketing,95000,2020-08-01
1885,Priya Kapoor,24,Male,Hyderabad,Operations,100000,2022-06-15
1258,Karan Mehta,22,F,Bangalore,Operations,55000,2018-12-15
1655,Karan Mehta,20,F,,Marketing,70000,2022-08-04
1470,Rahul Gupta,57,Male,Kolkata,Marketing,80000,2021-04-11
1952,Arjun Nair,34,Male,Delhi,Marketing,90000,2018-01-10
1970,Amit Sharma,53,Male,,HR,45000,2022-01-01
1011,Riya Verma,54,,,HR,110000,2019-10-29
1329,Amit Sharma,44,M,Mumbai,Operations,45000,2022-03-03
1735,Rahul Gupta,43,M,Delhi,Operations,35000,2023-12-17
1783,Arjun Nair,31,M,Delhi,Operations,45000,2019-08-24
1967,Neha Singh,37,Female,Chennai,Sales,105000,2018-11-23
1357,Rahul Gupta,34,M,,Marketing,115000,2020-09-06
1971,Karan Mehta,35,,Bangalore,Operations,115000,2024-09-17
1407,Rahul Gupta,46,Male,Kolkata,Operations,80000,2019-09-21
1667,Neha Singh,27,,Hyderabad,Finance,65000,2022-06-18
1372,Rahul Gupta,44,M,Chennai,,25000,2018-10-01
1007,Rahul Gupta,36,,Chennai,IT,110000,2019-11-16
1121,Neha Singh,48,Male,Pune,Operations,40000,2018-04-26
1347,Amit Sharma,27,F,,IT,70000,2020-05-10
1675,Riya Verma,34,F,Delhi,Operations,55000,2023-06-27
1089,Rahul Gupta,46,Male,Hyderabad,IT,25000,2019-11-24
1647,Amit Sharma,26,,Kolkata,Finance,105000,2021-01-10
1697,Amit Sharma,22,F,Bangalore,Finance,30000,2024-06-29
1315,Sneha Iyer,48,M,Pune,HR,75000,2023-12-02
1177,Arjun Nair,43,Male,Kolkata,Sales,65000,2022-11-28
1539,Amit Sharma,22,Female,Bangalore,Finance,55000,2018-06-03
1731,Riya Verma,39,F,Hyderabad  ,Sales,105000,2023-03-16
1868,Karan Mehta,34,F,Kolkata,Operations,105000,2021-11-28
1040,Sneha Iyer,44,F,Delhi,,30000,2021-07-13
1739,Amit Sharma,49,M,,HR,50000,2018-11-11
1703,NEHA SINGH,33,M,Pune,Finance,90000,2020-11-30
1922,Karan Mehta,26,Female,Mumbai,IT,50000,2018-04-15
1501,Karan Mehta,36,,Kolkata,HR,30000,2023-04-09
1958,Rahul Gupta,39,M,,Operations,25000,2023-03-29
1144,Riya Verma,55,F,,Marketing,70000,2021-05-01
1200,RIYA VERMA,28,F,Pune,Marketing,45000,2021-11-25
1928,Arjun Nair,57,F,Delhi,Sales,30000,2024-07-29
1723,Amit Sharma,41,M,Pune,HR,100000,2022-11-08
1460,AMIT SHARMA,21,M,Hyderabad,,30000,2023-05-15
1731,Riya Verma,43,Female,Bangalore,Operations,70000,2022-05-23
1751,Karan Mehta,27,Male,,Finance,30000,2019-12-10
1924,Riya Verma,30,F,Delhi,Finance,100000,2019-10-13
1908,Priya Kapoor,32,Female,Pune,IT,100000,2020-08-04
1557,Riya Verma,36,F,Chennai,Operations,115000,2019-10-23
1546,Rahul Gupta,27,Male,,,55000,2023-11-17
1252,Riya Verma,40,F,Chennai  ,,80000,2024-05-18
1389,Riya Verma,37,M,,HR,95000,2024-09-16
1593,Neha Singh,49,Female,  ,,60000,2021-02-06
1882,Amit Sharma,37,M,Pune,Finance,50000,2019-12-01
1255,Riya Verma,50,F,Chennai,Sales,70000,2024-02-25
1708,Amit Sharma,57,F,,Marketing,35000,2023-08-01
1814,Karan Mehta,51,,,Sales,115000,2024-07-02
1920,Karan Mehta,30,F,Delhi,Marketing,105000,2024-01-11
1449,Priya Kapoor,44,Female,,,55000,2019-07-06
1009,Riya Verma,52,M,Kolkata  ,HR,,2019-02-09
1823,Neha Singh,57,Female,Pune,IT,40000,2019-04-07
1797,Priya Kapoor,,Female,Pune,Marketing,90000,2023-12-20
1241,Karan Mehta,27,F,Delhi,HR,,2020-05-23
1250,Karan Mehta,30,F,,Sales,95000,2018-03-25
1276,Rahul Gupta,53,,Delhi,,60000,2022-11-08
1228,Karan Mehta,21,M,Pune,Marketing,85000,2018-07-06
1684,Amit Sharma,42,M,Bangalore,Marketing,,2022-05-30
1267,Neha Singh,54,M,Chennai,,95000,2022-01-30
1728,Karan Mehta,53,,Kolkata,Sales,25000,2018-06-20
1913,Priya Kapoor,28,Male,Pune,HR,55000,2023-08-04
1770,Priya Kapoor,57,F,Hyderabad,Marketing,40000,2020-09-14
1995,Riya Verma,44,Female,Kolkata,Sales,55000,2024-06-12
1042,Amit Sharma,54,F,Mumbai,HR,70000,2022-06-18
1230,Karan Mehta,33,F,Chennai,IT,25000,2021-12-18
1603,Arjun Nair,24,Male,Delhi,,110000,2019-02-18
1919,Arjun Nair,48,,Pune,,35000,2024-05-13
1219,Neha Singh,24,,Mumbai,,60000,2020-09-24
1098,Riya Verma,37,Male,Delhi,IT,100000,2018-11-03
1883,Arjun Nair,40,M,Chennai,,90000,2018-04-23
1897,Riya Verma,44,Male,Pune,IT,30000,2021-01-29
1386,Karan Mehta,55,Female,Hyderabad,,50000,2023-06-30
1839,Priya Kapoor,34,F,Pune,HR,25000,2021-10-09
1973,Rahul Gupta,44,Male,,IT,65000,2022-05-07
1675,Riya Verma,34,F,Delhi,Operations,55000,2023-06-27
